<?xml version="1.0" encoding="UTF-8" ?>
<!-- In all of the rooms below, | indicates a wall, and . indicates a floor. -->
<!-- Doors are shown by numbers 0-9. The number indicates which room to move to through the door. -->
<!-- X is the player's starting position in the dungeon. The player always starts in room num="0". -->
<xml>
	<room floor="dirt" wall="stone" num="0">
		|||||||||||
		|.........|
		|.........|
		|..X......|
		|.........|
		|.........|
		|.........|
		|.........1
		|.........|
		|.........|
		|||||||||||
	</room>
	<room floor="dirt" wall="stone" num="1">
		|||||||||||
		|.........|
		0.........|
		|...||||..|
		|...||||..|
		|...||||..|
		|...||||..|
		|.........|
		|.........|
		|.........|
		|...|||||||
		|.b.|      
		|...|      
		|...|      
		||2||      
	</room>
	<room floor="dirt" wall="stone" num="2">
		__|||1|||__
		_||.....||_
		||.......||
		|....|....|
		|...|||...|
		|.........|
		|.........|
		|..{|||.b.|
		|...| |...|
		3...| |...|
		||||| ||4||
	</room>
	<room floor="dirt" wall="stone" num="3">
		__|||||||__
		_||.....||_
		||v.....{||
		|.........2
		|....|....|
		|...|||...|
		|....|....|
		|.........|
		||}.....^||
		_||.....||_
		__||||5||__
	</room>
	<room floor="dirt" wall="stone" num="4">
		_|||2||||||
		||........|
		|.........|
		|.b.|||||||
		|..||      
		|..||      
		|...|||||| 
		||....b..||
		 ||||||...|
		      ||..|
		      ||..|
		|||||||...|
		|..b......|
		5........||
		||||||||||_
	</room>
	<room floor="dirt" wall="stone" num="5">
		||3||||||||
		|.........|
		|.......f.|
		|.........|
		|....||||||
		|....||||||
		|.........|
		|.........4
		|.........|
		|....||||||
		|....||||||
		|.........|
		|.......f.6
		|.........|
		|||||||||||
	</room>
	<room floor="dirt" wall="stone" num="6">
		|||||||||||
		|.........|
		5.........|
		|.....||.f|
		|.....||..|
		|.........|
		|.........|
		|....f....|
		|........||
		|.f.....|| 
		|.......|| 
		|...||...||
		|...|||...|
		|...| ||..|
		|||||  ||7|
	</room>
	<room floor="dirt" wall="stone" num="7">
		|||||||||6|
		|.....|...|
		|...b.|...|
		|.....|...|
		|..^..|...|
		|}.|.{|}..|
		|..|..|...|
		|..|..|...|
		|..|..|...|
		|..|}.|..{|
		|..|..v...|
		|f.|......|
		|..|....b.|
		|..|......|
		||8||||||||
	</room>
	<room floor="dirt" wall="stone" num="8">
		|||||7|||||||||||||||||||||||||||
		|...............................|
		|...............................|
		|....|||.|.|..|..||..|.|..||....|
		|.....|..|.|.|.|.|.|.|.|.|......|
		|.....|..|||.|||.|.|.||...|.....|
		|.....|..|.|.|.|.|.|.|.|...|....|
		|.....|..|.|.|.|.|.|.|.|.||.....|
		|...............................|
		|...............................|
		|..........|||..|..||...........|
		|..........|...|.|.|.|..........|
		|..........|||.|.|.||...........|
		|..........|...|.|.|.|..........|
		|..........|....|..|.|..........|
		|...............................|
		|...............................|
		|..||..|||..|..||..|||.||...||..|
		|..|.|.|...|.|.|.|..|..|.|.|....|
		|..||..||..|||.|.|..|..|.|.|.|..|
		|..|.|.|...|.|.|.|..|..|.|.|.|..|
		|..|.|.|||.|.|.||..|||.|.|..||..|
		|...............................|
		|...............................|
		|....|||...||..||...|..||..||...|
		|.....|...|....|.|.|.|.|.|.|.|..|
		|..||.|...|.|..||..|.|.|.|.|.|..|
		|.....|...|.|..|.|.|.|.|.|.|.|..|
		|....|.....||..||...|..|.|.||...|
		|...............................|
		|...............................|
		|||||||||||||||||||||||||||||||||
	</room>
</xml>
